<?xml version="1.0" encoding="UTF-8"?>
<config xmlns="http://www.knime.org/2008/09/XMLConfig" xmlns:xsi="http://www.w3.org/2001/XMLSchema-instance" xsi:schemaLocation="http://www.knime.org/2008/09/XMLConfig http://www.knime.org/XMLConfig_2008_09.xsd" key="filestore">
    <config key="filestore_keys">
        <config key="filestore_key_0">
            <entry key="storeUUID" type="xstring" value="5db920d6-d17d-4858-be39-abe520014318"/>
            <entry key="index" type="xint" value="29"/>
            <entry key="name" type="xstring" value="2786282f-721d-4189-9a28-43284b43d424"/>
            <entry key="iterationIndex" type="xint" value="29"/>
            <config key="nestedLoopPath">
                <entry key="array-size" type="xint" value="0"/>
            </config>
        </config>
    </config>
</config>
