<?xml version="1.0" encoding="UTF-8"?>
<config xmlns="http://www.knime.org/2008/09/XMLConfig" xmlns:xsi="http://www.w3.org/2001/XMLSchema-instance" xsi:schemaLocation="http://www.knime.org/2008/09/XMLConfig http://www.knime.org/XMLConfig_2008_09.xsd" key="filestore">
    <config key="filestore_keys">
        <config key="filestore_key_0">
            <entry key="storeUUID" type="xstring" value="df4ca5ed-0cf1-4c7d-afa7-160d0f85e501"/>
            <entry key="index" type="xint" value="0"/>
            <entry key="name" type="xstring" value="a8f84a3b-2781-4de8-b77f-fd3658a146a3"/>
            <entry key="iterationIndex" type="xint" value="-1"/>
        </config>
    </config>
</config>
